Examiner,Supervisor,Student,Time,Room
Omar,Amr Mougy,40-1,82,C2.222
Omar,Amr Mougy,40-2,87,C1.111
Omar,Amr Mougy,40-3,99,C3.333
Omar,Amr Mougy,40-4,132,C2.222
Omar,Amr Mougy,40-5,149,C3.333
Omar,Amr Mougy,40-6,174,C2.222
Omar,Amr Mougy,40-7,84,C2.222
Omar,Nourhan Ehab,40-21,41,C3.333
Omar,Nourhan Ehab,40-22,133,C2.222
Omar,Nourhan Ehab,40-23,167,C1.111
Omar,Nourhan Ehab,40-20,29,C2.222
Omar,Nourhan Ehab,40-24,173,C2.222
Omar,Mervat Abuelkheir,40-45,129,C3.333
Omar,Mervat Abuelkheir,40-46,14,C1.111
Omar,Milad Ghantous,40-58,18,C2.222
Omar,Milad Ghantous,40-59,49,C2.222
Omar,Milad Ghantous,40-60,4,C1.111
Adel,Amr Mougy,40-8,58,C3.333
Adel,Amr Mougy,40-9,174,C2.222
Adel,Amr Mougy,40-10,151,C2.222
Adel,Amr Mougy,40-11,34,C1.111
Adel,Mervat Abuelkheir,40-54,107,C2.222
Adel,Mervat Abuelkheir,40-55,139,C3.333
Adel,Milad Ghantous,40-56,139,C2.222
Adel,Milad Ghantous,40-57,72,C3.333
Layla,Nourhan Ehab,40-12,124,C1.111
Layla,Nourhan Ehab,40-13,159,C2.222
Layla,Nourhan Ehab,40-14,53,C1.111
Layla,Nourhan Ehab,40-15,59,C1.111
Layla,Nourhan Ehab,40-16,73,C3.333
Layla,Nourhan Ehab,40-17,105,C1.111
Layla,Nourhan Ehab,40-18,132,C2.222
Layla,Nourhan Ehab,40-19,32,C1.111
Malak,Wael Abuelsadat,40-33,102,C3.333
Malak,Wael Abuelsadat,40-34,156,C1.111
Malak,Wael Abuelsadat,40-35,178,C2.222
Malak,Wael Abuelsadat,40-36,149,C1.111
Malak,Wael Abuelsadat,40-37,64,C1.111
Malak,Wael Abuelsadat,40-38,18,C2.222
Malak,Wael Abuelsadat,40-39,148,C1.111
Malak,Wael Abuelsadat,40-40,58,C2.222
Malak,Mervat Abuelkheir,40-47,69,C1.111
Malak,Mervat Abuelkheir,40-48,133,C2.222
Malak,Mervat Abuelkheir,40-49,133,C3.333
Malak,Mervat Abuelkheir,40-50,19,C2.222
Samir,Mervat Abuelkheir,40-41,78,C2.222
Samir,Mervat Abuelkheir,40-42,99,C1.111
Samir,Mervat Abuelkheir,40-43,150,C1.111
Samir,Mervat Abuelkheir,40-44,136,C3.333
Samir,Mervat Abuelkheir,40-51,23,C2.222
Samir,Mervat Abuelkheir,40-52,54,C3.333
Samir,Mervat Abuelkheir,40-53,158,C3.333
Samir,Wael Abuelsadat,40-25,77,C1.111
Samir,Wael Abuelsadat,40-26,44,C1.111
Samir,Wael Abuelsadat,40-27,3,C1.111
Samir,Wael Abuelsadat,40-28,72,C3.333
Samir,Wael Abuelsadat,40-29,9,C2.222
Samir,Wael Abuelsadat,40-30,68,C1.111
Samir,Wael Abuelsadat,40-31,161,C1.111
Samir,Wael Abuelsadat,40-32,73,C2.222
